<?xml version="1.0" encoding="UTF-8"?>
<project-private xmlns="http://www.netbeans.org/ns/project-private/1">
    <editor-bookmarks xmlns="http://www.netbeans.org/ns/editor-bookmarks/2" lastBookmarkId="0"/>
    <open-files xmlns="http://www.netbeans.org/ns/projectui-open-files/2">
        <group>
            <file>file:/C:/Users/danir/OneDrive/Documentos/tareaprograma/Tarea/src/ui/TareasUI.java</file>
            <file>file:/C:/Users/danir/OneDrive/Documentos/tareaprograma/Tarea/src/tarea/GestionTarea.java</file>
            <file>file:/C:/Users/danir/OneDrive/Documentos/tareaprograma/Tarea/src/dao/ConexionBD.java</file>
            <file>file:/C:/Users/danir/OneDrive/Documentos/tareaprograma/Tarea/src/dominio/CTarea.java</file>
            <file>file:/C:/Users/danir/OneDrive/Documentos/tareaprograma/Tarea/src/dao/TareaDAO.java</file>
            <file>file:/C:/Users/danir/OneDrive/Documentos/tareaprograma/Tarea/src/servicio/ListaTareas.java</file>
        </group>
    </open-files>
</project-private>
